model_encoder;ti;vi;tl;vl;ta;va;lr;tl_mean;tl_std;vl_mean;vl_std;ta_mean;ta_std;va_mean;va_std
'resnet34';['data/images/2.jpg', 'data/images/4.jpg', 'data/images/QS_7415.jpg', 'data/images/QS_7506.jpg', 'data/images/QS_7508.jpg', 'data/images/QS_7510.jpg'];['data/images/1.jpg'];[0.004609236493706703, 0.003522277344018221, 0.004687993321567774, 0.004467471968382597, 0.0045908670872449875, 0.002983027370646596, 0.0041630929335951805, 0.0043389517813920975, 0.004165160935372114, 0.0034704385325312614];[0.015544814988970757, 0.016165103763341904, 0.014241992495954037, 0.015025929547846317, 0.015887215733528137, 0.014941846951842308, 0.01627892255783081, 0.01611454412341118, 0.015339590609073639, 0.01648237183690071];[0.9102995783484611, 0.8545639725323706, 0.8390912660074525, 0.9804093108767902, 0.7929840821936018, 0.8778021179482141, 0.7855055419070484, 0.8334826323708501, 0.9651546180430844, 0.8160238817675498];[0.5689025012589446, 0.5475267209051992, 0.5687364610050792, 0.5270265560700236, 0.5442175705810548, 0.5744535196236311, 0.5236089016229513, 0.5018895266492808, 0.536723734913064, 0.5223503528358887];0.01;0.004099851776845753;0.000549918854086372;0.01560223326086998;0.0006770392865718707;0.8655317001995423;0.06421932310035643;0.5415435845465117;0.022606253939138215
'resnet34';['data/images/1.jpg', 'data/images/4.jpg', 'data/images/QS_7415.jpg', 'data/images/QS_7506.jpg', 'data/images/QS_7508.jpg', 'data/images/QS_7510.jpg'];['data/images/2.jpg'];[0.004604913294315338, 0.003376598469913006, 0.005107799544930458, 0.004724888596683741, 0.005133354105055332, 0.005182558670639992, 0.004875702317804098, 0.006170903332531452, 0.004618444480001926, 0.005059979856014252];[0.011674011126160622, 0.009362946264445782, 0.009908901527523994, 0.01142807211726904, 0.011572658084332943, 0.008782805874943733, 0.010056396946310997, 0.009342224337160587, 0.00989028625190258, 0.009870457462966442];[0.8746119866284687, 0.9419375708116059, 0.6199474202041808, 0.6703448091293387, 0.8712184550919416, 0.7376236432988408, 0.7121269136147854, 0.8655402838821029, 0.8183515329632232, 0.8051190743873282];[0.9141173074318013, 0.9545260599503802, 0.921500890931658, 0.9481398783393384, 0.9782618306680921, 0.9308075733357927, 0.9121640336654065, 0.8931931073497928, 0.8899057936184384, 0.9298214242271596];0.01;0.0048855142667889595;0.0006583707875804246;0.010188875999301673;0.0009653279746836711;0.7916821690011815;0.09777209697557954;0.9272437899517861;0.02605650289886036
'resnet34';['data/images/1.jpg', 'data/images/2.jpg', 'data/images/4.jpg', 'data/images/QS_7415.jpg', 'data/images/QS_7506.jpg', 'data/images/QS_7508.jpg'];['data/images/QS_7510.jpg'];[0.005081521347165108, 0.007448728196322918, 0.006324403919279575, 0.006119112484157085, 0.006583552807569504, 0.006795936729758978, 0.005060266703367233, 0.00850656908005476, 0.006432432681322098, 0.0060850088484585285];[0.0005991240032017231, 0.0012845945311710238, 0.00043259625090286136, 0.00027190777473151684, 0.001310945488512516, 0.0005358050111681223, 0.0008644565241411328, 0.0005300977500155568, 0.0013118726201355457, 0.0013874482829123735];[0.9345495006264312, 0.9392733015959392, 0.9014073004228096, 0.8193041559624383, 0.8383557830165839, 0.9125560747859973, 0.9504669320132595, 0.9343868081800422, 0.8425059532841567, 0.8543707169926323];[0.346269409661486, 0.47439440439900293, 0.713598844482851, 0.18800185812427506, 0.31016357845397924, 0.5427383431674256, 0.29696581504950836, 0.5465521966840957, 0.32777676768773445, 0.5149444538516572];0.01;0.006443753279745579;0.000970923956007425;0.0008528848236892372;0.00040939676475897026;0.8927176526880289;0.046684215006976636;0.4261405671562016;0.14961366524347885
'resnext50_32x4d';['data/images/2.jpg', 'data/images/4.jpg', 'data/images/QS_7415.jpg', 'data/images/QS_7506.jpg', 'data/images/QS_7508.jpg', 'data/images/QS_7510.jpg'];['data/images/1.jpg'];[0.0049136048182845116, 0.006935154553502798, 0.005053344182670116, 0.007109653204679489, 0.005113502964377403, 0.00596263213083148, 0.005688805598765612, 0.006344222463667393, 0.007000966463238001, 0.005083363503217697];[0.023720633238554, 0.0191191416233778, 0.021926535293459892, 0.025575585663318634, 0.018069598823785782, 0.020552847534418106, 0.024446554481983185, 0.023483458906412125, 0.02298230677843094, 0.021009176969528198];[0.042539276821685346, 0.023237645618285785, 0.043366610845219755, 0.04047273935069606, 0.008687436656454883, 0.03539126296669548, 0.010692157574041405, 0.045370606201111996, 0.03594815418247843, 0.025987982524418918];[0.011756005660033209, 0.011961237258278135, 0.012501802447164923, 0.012053220997631509, 0.013221630010127994, 0.013749108594505288, 0.013295878345533807, 0.013046409849606921, 0.01244578820020581, 0.011874701787217945];0.01;0.00592052498832345;0.0008344970919990668;0.022088583931326865;0.002272595481103725;0.031169387274108805;0.012733612991638825;0.012590578315030554;0.0006609317873406043
'resnext50_32x4d';['data/images/1.jpg', 'data/images/4.jpg', 'data/images/QS_7415.jpg', 'data/images/QS_7506.jpg', 'data/images/QS_7508.jpg', 'data/images/QS_7510.jpg'];['data/images/2.jpg'];[0.005689403507858515, 0.004591774195432663, 0.004734814632683992, 0.003862073877826333, 0.004330185241997242, 0.004733390640467405, 0.004711800254881382, 0.004471472464501858, 0.0042736465111374855, 0.003873346606269479];[0.009551775641739368, 0.010252480395138264, 0.012688546441495419, 0.011139225214719772, 0.010666649788618088, 0.010636629536747932, 0.011432420462369919, 0.010694922879338264, 0.009745582938194275, 0.00905865989625454];[0.764772217049974, 0.9099134093051012, 0.8422403561134603, 0.9416400072111487, 0.8192052721497957, 0.9091037870369687, 0.9226753513078142, 0.8716249258745126, 0.8179224753758648, 0.9093094118827681];[0.8505710452085861, 0.909053999976855, 0.9616153648329983, 0.9192761839313708, 0.850181497479889, 0.9186313070610082, 0.9624470641090099, 0.9184087361461843, 0.804806910045422, 0.8203923238343154];0.01;0.004527190793305635;0.000495046387044543;0.010586689319461584;0.0009840751209496655;0.8708407213307409;0.054502870453170066;0.8915384432625639;0.05333279869994348
'resnext50_32x4d';['data/images/1.jpg', 'data/images/2.jpg', 'data/images/4.jpg', 'data/images/QS_7415.jpg', 'data/images/QS_7506.jpg', 'data/images/QS_7508.jpg'];['data/images/QS_7510.jpg'];[0.010592145845293999, 0.009777901694178581, 0.009169251658022404, 0.012433701194822788, 0.010744335129857063, 0.011406400240957737, 0.009587695822119713, 0.011832104995846748, 0.010998588055372238, 0.011716771870851517];[0.0004224400909151882, 0.0006616045720875263, 0.0002475896617397666, 0.001257596304640174, 0.0008430072339251637, 0.0002778292400762439, 0.00028035262948833406, 0.0010472016874700785, 0.0006178529001772404, 0.000858295476064086];[4.317214565063843e-06, 8.52669706252751e-06, 5.328131509996226e-06, 3.7625477656844097e-06, 4.185395071298892e-06, 1.4048896935792143e-05, 1.1080873681068582e-05, 1.3820143949683228e-05, 3.6245514317245764e-05, 4.1811958245707714e-06];[1.1593267884912883e-05, 1.1409900488756897e-05, 1.571491306584516e-05, 5.199345271433842e-06, 1.2359144606066685e-05, 1.4433768412147607e-05, 1.0870338898349985e-05, 8.111518050468725e-06, 1.0101490719449657e-05, 4.806563389525564e-06];0.01;0.010825889650732279;0.0010097106098357993;0.0006513769796583802;0.0003313002014273537;1.0549661068293138e-05;9.385233363648396e-06;1.04600250786957e-05;3.3859476081859677e-06
'timm-resnest50d';['data/images/2.jpg', 'data/images/4.jpg', 'data/images/QS_7415.jpg', 'data/images/QS_7506.jpg', 'data/images/QS_7508.jpg', 'data/images/QS_7510.jpg'];['data/images/1.jpg'];[0.003195979632437229, 0.003962568938732147, 0.00371117377653718, 0.0036056186072528362, 0.0028996546752750874, 0.0029844362288713455, 0.003701477311551571, 0.0032539903186261654, 0.003314165398478508, 0.0021605798974633217];[0.012993160635232925, 0.013492572121322155, 0.012795509770512581, 0.013142669573426247, 0.013202807866036892, 0.01201843935996294, 0.012041933834552765, 0.012288362719118595, 0.012455139309167862, 0.014555105939507484];[0.8441461772107807, 0.8746849964126355, 0.9428016854735571, 0.9356134891693757, 0.9491867089383973, 0.8121780948682304, 0.8381167425655311, 0.8694035745478753, 0.9236626448800114, 0.9824253639554014];[0.73373718663491, 0.7561171267753606, 0.73269410390982, 0.7127645337944657, 0.7324136938157089, 0.7206405908941371, 0.76063663912849, 0.7401260138641946, 0.7278266720142872, 0.7384605568076681];0.1;0.003278964478522539;0.0004928991920404052;0.012898570112884044;0.0007311705058168781;0.8972219478021797;0.053884309052881454;0.7355417117639043;0.013799106202739483
'timm-resnest50d';['data/images/1.jpg', 'data/images/4.jpg', 'data/images/QS_7415.jpg', 'data/images/QS_7506.jpg', 'data/images/QS_7508.jpg', 'data/images/QS_7510.jpg'];['data/images/2.jpg'];[0.004383225459605455, 0.00441146083176136, 0.0038233287632465363, 0.005380500108003616, 0.004242400638759136, 0.003578809555619955, 0.005092746578156948, 0.00459642056375742, 0.004125827923417091, 0.004264167044311762];[0.008840132504701614, 0.00956164300441742, 0.009243353269994259, 0.006628921255469322, 0.008985725231468678, 0.008125124499201775, 0.01049022376537323, 0.009376786649227142, 0.009105004370212555, 0.00930077489465475];[0.9779019724151006, 0.9981251165495626, 0.998112412589709, 0.8392694921332147, 0.9081268955330798, 0.8491741050100577, 0.9168121431909925, 0.9070307185789279, 0.9403735753560389, 0.9997869550191031];[0.9508794532174535, 0.9504349617640793, 0.9050880662522102, 0.897937847000972, 0.90392566853379, 0.9483682445059846, 0.978346507309845, 0.9879586946637597, 0.9071514513127766, 0.9448305621703397];0.1;0.004389888746663928;0.0005103539577559946;0.008965768944472074;0.0009612676771571686;0.9334713386375786;0.05690083476189397;0.9374921456731211;0.03065397663322635
'timm-resnest50d';['data/images/1.jpg', 'data/images/2.jpg', 'data/images/4.jpg', 'data/images/QS_7415.jpg', 'data/images/QS_7506.jpg', 'data/images/QS_7508.jpg'];['data/images/QS_7510.jpg'];[0.007776191458106041, 0.010531226173043251, 0.009282187558710575, 0.008663883432745934, 0.011297639459371567, 0.01011340506374836, 0.010267827659845352, 0.010355132631957531, 0.013326147571206093, 0.009987182915210724];[0.0007160251843743026, 0.0009723855182528496, 0.0003385434683877975, 0.0011729637626558542, 0.0008783172816038132, 0.001206695451401174, 0.00033219996839761734, 0.0011391134466975927, 0.00042172500980086625, 0.0005086713354103267];[2.6888365742827602e-05, 2.631667561980855e-05, 2.5289379197324102e-05, 2.0833025909827718e-05, 2.1153736990631167e-05, 1.5761175926498616e-05, 2.3213411128319983e-05, 2.034407632345303e-05, 1.563662552261924e-05, 1.771522410698445e-05];[2.5454762190957325e-05, 2.574933985621808e-05, 2.581689203839943e-05, 1.521309410890126e-05, 3.0897015150799234e-05, 1.8265853381160824e-05, 3.223430420651319e-05, 2.502893398792505e-05, 3.961600514212904e-05, 4.193556770870632e-05];0.1;0.010160082392394543;0.001422312405778129;0.0007686640426982194;0.00033351569052935776;2.1315169646829447e-05;3.908031497182935e-06;2.8021176777170974e-05;7.99277573835662e-06
'timm-res2net50_26w_4s';['data/images/2.jpg', 'data/images/4.jpg', 'data/images/QS_7415.jpg', 'data/images/QS_7506.jpg', 'data/images/QS_7508.jpg', 'data/images/QS_7510.jpg'];['data/images/1.jpg'];[0.00456328596919775, 0.005588334985077381, 0.007187517359852791, 0.004201308824121952, 0.005668644793331623, 0.005322908982634544, 0.00336545892059803, 0.00550456065684557, 0.004656484350562096, 0.006246255710721016];[0.021832110360264778, 0.023612186312675476, 0.022849902510643005, 0.023780569434165955, 0.023862028494477272, 0.02136986330151558, 0.02429751120507717, 0.02286546491086483, 0.02348259463906288, 0.023247238248586655];[8.475528925278031e-05, 0.0001236510733000351, 2.8697395973886763e-05, 0.00011829663760454245, 2.3756958286047514e-05, 0.0002922188694977068, 6.963804376258764e-05, 7.878983219888891e-05, 0.00010685821823319674, 6.29791012712877e-05];[1.1074555529844154e-05, 1.4675503746897078e-05, 1.0436733486440808e-05, 1.0184352706388289e-05, 1.0060259637567626e-05, 1.1355220606468208e-05, 1.1516763972263533e-05, 1.3016417577782491e-05, 1.4038951693051693e-05, 1.3354091895512177e-05];0.01;0.005230476055294276;0.0010284757283536778;0.02311994694173336;0.0008730854275123324;9.8964141938096e-05;7.193766026832126e-05;1.1971285085221605e-05;1.586907160167237e-06
'timm-res2net50_26w_4s';['data/images/1.jpg', 'data/images/4.jpg', 'data/images/QS_7415.jpg', 'data/images/QS_7506.jpg', 'data/images/QS_7508.jpg', 'data/images/QS_7510.jpg'];['data/images/2.jpg'];[0.00596507266163826, 0.008666839450597763, 0.006902996450662613, 0.00738048180937767, 0.007563349790871143, 0.0069332001730799675, 0.0061984374187886715, 0.0074830991216003895, 0.006651687435805798, 0.006658431142568588];[0.015181878581643105, 0.014250196516513824, 0.017888564616441727, 0.015204869210720062, 0.01760232448577881, 0.01555753592401743, 0.014517090283334255, 0.013885335065424442, 0.014186220243573189, 0.015194840729236603];[0.0003914125310411354, 0.00045638965159888745, 0.0002490000259265379, 0.0003772523557155072, 0.00032115436795143726, 0.00038854070888005854, 0.00041033506219678717, 0.00028366389098788414, 0.0005418461813175846, 0.0003375493848843947];[0.0002473754219630697, 0.00024231170014810122, 0.000236215381095084, 0.00023848413651550437, 0.00023022094802005455, 0.00023910265184801105, 0.00025881895574098035, 0.0002608400409207512, 0.0002626894215277398, 0.00024099706468905246];0.01;0.007040359545499086;0.000736411500444071;0.015346885565668345;0.0013052427058173588;0.00037571441605002145;8.042596616940742e-05;0.00024570557224683486;1.0730917583217872e-05
'timm-res2net50_26w_4s';['data/images/1.jpg', 'data/images/2.jpg', 'data/images/4.jpg', 'data/images/QS_7415.jpg', 'data/images/QS_7506.jpg', 'data/images/QS_7508.jpg'];['data/images/QS_7510.jpg'];[0.005834547337144613, 0.006464899983257055, 0.005618946626782417, 0.00532131502404809, 0.006730728782713413, 0.005595427006483078, 0.006476179696619511, 0.007045906037092209, 0.006473296321928501, 0.006489924155175686];[0.0008874776540324092, 0.0007527581183239818, 0.0010269114281982183, 0.0005541957798413932, 0.0002409276203252375, 0.000559880631044507, 0.0008625268819741905, 0.0012455480173230171, 0.0002826304407790303, 0.00014428541180677712];[0.9036773992063822, 0.9083649698435152, 0.8868920867906654, 0.9155761090940004, 0.8345056765264378, 0.8689230779874397, 0.9288765872184045, 0.903902990309516, 0.9470965135481877, 0.9420186331171693];[0.45488470741323384, 0.4382176950740605, 0.5665934030500609, 0.531938995393838, 0.945660595973503, 0.7502546552583162, 0.6987936001051596, 0.4803714570428733, 0.874932378029583, 0.6985366313486181];0.01;0.006205117097124457;0.0005395309816514114;0.0006557141983648762;0.0003440760797337877;0.9039834043641717;0.03229128779490714;0.6440184118689245;0.1688283775070756
'timm-regnetx_064';['data/images/2.jpg', 'data/images/4.jpg', 'data/images/QS_7415.jpg', 'data/images/QS_7506.jpg', 'data/images/QS_7508.jpg', 'data/images/QS_7510.jpg'];['data/images/1.jpg'];[0.004326922819018364, 0.003577563911676407, 0.004786716774106026, 0.004850979894399643, 0.00403076084330678, 0.003986731171607971, 0.00429465202614665, 0.004172038286924362, 0.003874029265716672, 0.003594979178160429];[0.016375675797462463, 0.013601669110357761, 0.013028038665652275, 0.013617511838674545, 0.013801885768771172, 0.01622719317674637, 0.013593707233667374, 0.015561472624540329, 0.013064149767160416, 0.014423341490328312];[0.8832679163543159, 0.9585086877036125, 0.9019112233416386, 0.8407935839772571, 0.9197374818594893, 0.9512003528218484, 0.8238535778230771, 0.9919951856582452, 0.8077642935461007, 0.890436448992114];[0.6638740831852808, 0.7084940218472666, 0.6939468781839682, 0.695679798741651, 0.6862122312594108, 0.6681969383011792, 0.6951341163426569, 0.6516234647103231, 0.6978613141822341, 0.6833302445228548];0.01;0.00414953741710633;0.0004125840790050513;0.014329464547336102;0.0012027461528461754;0.8969468752077698;0.0574372606325218;0.6844353091276826;0.016905314819098283
'timm-regnetx_064';['data/images/1.jpg', 'data/images/4.jpg', 'data/images/QS_7415.jpg', 'data/images/QS_7506.jpg', 'data/images/QS_7508.jpg', 'data/images/QS_7510.jpg'];['data/images/2.jpg'];[0.006678193807601929, 0.007994349114596844, 0.009625663049519062, 0.005921689793467522, 0.006626498885452747, 0.008002535440027714, 0.006571602541953325, 0.0075139328837394714, 0.00748639227822423, 0.0077385795302689075];[0.016142476350069046, 0.014967169612646103, 0.017181679606437683, 0.0184397604316473, 0.016078200191259384, 0.014698601327836514, 0.017418131232261658, 0.019020002335309982, 0.01589391753077507, 0.013632850721478462];[0.011175229615735582, 0.03317922309577914, 0.015546081687984104, 0.01971669027905265, 0.013939710208961564, 0.019333133079140974, 0.03092151852345737, 0.016776042522685608, 0.016159302251914198, 0.010046011718788606];[0.012095618493703997, 0.016815707322314632, 0.013400237124042591, 0.012817757164366061, 0.015882086079891167, 0.01865398715968214, 0.013249979080413143, 0.011577048183641137, 0.016144002276104685, 0.019601206247046088];0.01;0.007415943732485175;0.0009896143595021123;0.01634727893397212;0.0016023645797309213;0.01867929429834998;0.007312466378572919;0.015023762913120565;0.002653991594073784
'timm-regnetx_064';['data/images/1.jpg', 'data/images/2.jpg', 'data/images/4.jpg', 'data/images/QS_7415.jpg', 'data/images/QS_7506.jpg', 'data/images/QS_7508.jpg'];['data/images/QS_7510.jpg'];[0.0069249654188752174, 0.00657721608877182, 0.00765592884272337, 0.0075758881866931915, 0.0061845844611525536, 0.006926175206899643, 0.007755984552204609, 0.008136304095387459, 0.007557736709713936, 0.006338952109217644];[0.0006937079015187919, 0.0012254449538886547, 0.001073239604011178, 0.0002509038313291967, 0.00136394496075809, 0.0012950109085068107, 0.0008093769429251552, 0.0005269352695904672, 0.00035110657336190343, 0.0004962270613759756];[0.8460803928643564, 0.8269516415466351, 0.7974985218241792, 0.835357812512411, 0.9532867158444064, 0.7730540704319957, 0.7873097666007287, 0.7004156430258865, 0.9166233498003038, 0.7948630902336643];[0.37995238558110345, 0.44029584924650256, 0.44377877989876413, 0.5582473478939203, 0.47464392283460166, 0.47881226310205194, 0.39246254176097795, 0.5163282504894088, 0.5114897175300119, 0.6494402744497129];0.01;0.007163373567163944;0.0006293221625268943;0.0008085898007266223;0.00038719960678561775;0.8231441004684565;0.06832138181806134;0.4845451332787055;0.07584737450079285
'timm-gernet_l';['data/images/2.jpg', 'data/images/4.jpg', 'data/images/QS_7415.jpg', 'data/images/QS_7506.jpg', 'data/images/QS_7508.jpg', 'data/images/QS_7510.jpg'];['data/images/1.jpg'];[0.006017738487571478, 0.007133717183023691, 0.007799419574439526, 0.005460288375616074, 0.006764918565750122, 0.0047815944999456406, 0.005221209488809109, 0.006068878341466188, 0.005122257396578789, 0.0058609796687960625];[0.02259889990091324, 0.021710235625505447, 0.022746384143829346, 0.02682971954345703, 0.024572942405939102, 0.024067526683211327, 0.02302769385278225, 0.02186128869652748, 0.024870608001947403, 0.023158255964517593];[7.027337064180461e-05, 2.97959783542856e-05, 2.5071462248171805e-05, 6.752415396538147e-05, 3.235007162327719e-05, 2.9106185599703238e-05, 4.2476435015426084e-05, 5.667669526243646e-05, 5.875117069931157e-05, 5.533210655228604e-05];[1.690940444165623e-05, 1.877983965270502e-05, 1.6851401453576997e-05, 1.5268756516140236e-05, 1.627287159999824e-05, 1.6777185524285976e-05, 1.674264892848054e-05, 1.8452392645973426e-05, 1.655755685336935e-05, 1.7068019665278378e-05];0.01;0.006023100158199668;0.0009099517880465975;0.02354435548186302;0.0014841707438856264;4.673576299620841e-05;1.6110417973514652e-05;1.696800772814644e-05;9.560076257011189e-07
'timm-gernet_l';['data/images/1.jpg', 'data/images/4.jpg', 'data/images/QS_7415.jpg', 'data/images/QS_7506.jpg', 'data/images/QS_7508.jpg', 'data/images/QS_7510.jpg'];['data/images/2.jpg'];[0.007525927387177944, 0.007954465225338936, 0.008537039160728455, 0.006479185540229082, 0.007378071546554565, 0.009029125794768333, 0.007574134971946478, 0.00854682456701994, 0.006468739826232195, 0.00709709944203496];[0.016130466014146805, 0.013901779428124428, 0.012068396434187889, 0.015475204214453697, 0.017018377780914307, 0.014727335423231125, 0.015414527617394924, 0.014491277746856213, 0.01902948133647442, 0.017699729651212692];[0.000967187161947658, 0.0015249804843536774, 0.001538348746718432, 0.0014386378116584275, 0.0010404993792476613, 0.00036078537411654565, 0.001510446891335393, 0.0011058340441519876, 0.000992358387489345, 0.0011475126395065205];[0.0016768636263004844, 0.0018187500260817835, 0.0019175009206238158, 0.0016579258858991919, 0.0017268094536246892, 0.0018752079567273539, 0.0016948919109616156, 0.0017835566811649217, 0.0016640824854036174, 0.0017600608866049638];0.01;0.007659061346203089;0.0008217039887834451;0.01559565756469965;0.0018936780969130399;0.0011626590920525647;0.00034614082053749016;0.0017575649833392437;8.596408166391e-05
'timm-gernet_l';['data/images/1.jpg', 'data/images/2.jpg', 'data/images/4.jpg', 'data/images/QS_7415.jpg', 'data/images/QS_7506.jpg', 'data/images/QS_7508.jpg'];['data/images/QS_7510.jpg'];[0.013380879536271095, 0.00976458378136158, 0.009933201596140862, 0.011075442656874657, 0.011105558834969997, 0.00865275040268898, 0.010397901758551598, 0.01296303141862154, 0.011823592707514763, 0.00916364137083292];[0.0013090401189401746, 0.0006485319463536143, 0.0014144615270197392, 0.0007761720917187631, 0.0005682635819539428, 0.0014583118027076125, 0.0009644286474213004, 0.00013514897727873176, 0.0005855206400156021, 0.0008009647717699409];[0.0017673275313000447, 0.003163362247613488, 0.004109638774874913, 0.0014593918671997885, 0.0025461755782758555, 0.0005342978206367421, 0.008972696959004933, 0.0005616969844467468, 0.0005735432195944634, 0.007715472324169803];[1.1917490510660045e-05, 1.0327007299415492e-05, 2.3272416369346516e-05, 6.327384693838312e-05, 1.520423118661629e-05, 1.8937043301359147e-05, 3.333172063446632e-05, 7.420818701753262e-07, 1.1147808219980071e-05, 6.844717339038464e-05];0.01;0.010826058406382798;0.0014772708009676673;0.0008660844105179422;0.00040232646500257274;0.0031403603307116777;0.0028457226884262194;2.5660081972078697e-05;2.1725755167355277e-05
'se_resnext50_32x4d';['data/images/2.jpg', 'data/images/4.jpg', 'data/images/QS_7415.jpg', 'data/images/QS_7506.jpg', 'data/images/QS_7508.jpg', 'data/images/QS_7510.jpg'];['data/images/1.jpg'];[0.006492209620773792, 0.005459506995975971, 0.006920250132679939, 0.006080443039536476, 0.007744321133941412, 0.006651288829743862, 0.005201446823775768, 0.007650293409824371, 0.005845271050930023, 0.00705582182854414];[0.02387397736310959, 0.02516864612698555, 0.02320055663585663, 0.025808867067098618, 0.020312093198299408, 0.022803667932748795, 0.025089412927627563, 0.02036255970597267, 0.02600894123315811, 0.020159821957349777];[0.009575016908382916, 0.054167395738519475, 0.03161398442819374, 0.06625854690801969, 0.019134511930471443, 0.007565974252551122, 0.04616190417016164, 0.007845969381436668, 0.021550506984553297, 0.04787153042219672];[1.753956772587717e-05, 5.205528832430417e-07, 4.954049467320587e-07, 6.216266417169436e-07, 7.029361230870279e-07, 2.4946831786998303e-06, 1.6665633135848346e-05, 6.326886069496496e-07, 6.027780814488182e-07, 6.374422752974951e-07];0.01;0.006510085286572575;0.0008217392557771704;0.023278854414820672;0.002198287683038597;0.031174534112448672;0.020171447419575758;4.091331359890038e-06;6.532841603855992e-06
'se_resnext50_32x4d';['data/images/1.jpg', 'data/images/4.jpg', 'data/images/QS_7415.jpg', 'data/images/QS_7506.jpg', 'data/images/QS_7508.jpg', 'data/images/QS_7510.jpg'];['data/images/2.jpg'];[0.004492230247706175, 0.005219842307269573, 0.003615697380155325, 0.004746176768094301, 0.004185836296528578, 0.004783624317497015, 0.004898415878415108, 0.00406105350703001, 0.004517275840044022, 0.0049600424244999886];[0.009855823591351509, 0.010541974566876888, 0.011324096471071243, 0.009852061048150063, 0.010041117668151855, 0.012325560674071312, 0.010068467818200588, 0.008156883530318737, 0.009635590948164463, 0.008621340617537498];[0.9378576013882678, 0.9427789423979526, 0.9936146139480285, 0.8765465237270696, 0.9704392918989722, 0.9512389988718715, 0.9128716704992333, 0.9858797465050579, 0.9961256578601293, 0.9641554217749272];[0.8062943253050681, 0.9113542718912214, 0.883631229566519, 0.8275157796158146, 0.8462717339724017, 0.963623461330859, 0.8887617827169124, 0.8441476694622873, 0.8070419214319962, 0.8552093630603709];0.01;0.0045480194967240095;0.00045609834786487075;0.010042291693389415;0.001136527153969706;0.9531508468871511;0.035792557876275756;0.8633851538353451;0.04674714910940153
'se_resnext50_32x4d';['data/images/1.jpg', 'data/images/2.jpg', 'data/images/4.jpg', 'data/images/QS_7415.jpg', 'data/images/QS_7506.jpg', 'data/images/QS_7508.jpg'];['data/images/QS_7510.jpg'];[0.009128734469413757, 0.010964366607367992, 0.011385491117835045, 0.011647217907011509, 0.008188679814338684, 0.009561192244291306, 0.01254101563245058, 0.007924763485789299, 0.008945883251726627, 0.009415050968527794];[0.0006247839191928506, 0.000743040582165122, 0.000520942616276443, 0.00018681419896893203, 0.0006305502611212432, 0.0014691377291455865, 0.00115874910261482, 0.0010792011162266135, 0.0010467714164406061, 0.00012666686961892992];[1.5011842178669355e-05, 1.4272499746947886e-05, 1.082211195158056e-05, 1.567760895626602e-05, 2.379703213761797e-05, 2.276898145026074e-05, 2.3027579945322785e-05, 5.3383453687883e-05, 1.7493311292526847e-05, 8.450815949467838e-06];[6.0138008717403046e-05, 5.105851041964371e-05, 7.523232333495056e-05, 0.00021308881388804046, 6.18711679162276e-05, 2.599402071779e-05, 3.237591032689835e-05, 3.618207600319945e-05, 3.695209825915757e-05, 0.00032005222748476836];0.01;0.009970239549875259;0.0014833505920447006;0.0007586657811771147;0.000408425765193072;2.04705237296543e-05;1.2015664015997573e-05;9.129451570680792e-05;9.198008984854047e-05
'timm-skresnext50_32x4d';['data/images/2.jpg', 'data/images/4.jpg', 'data/images/QS_7415.jpg', 'data/images/QS_7506.jpg', 'data/images/QS_7508.jpg', 'data/images/QS_7510.jpg'];['data/images/1.jpg'];[0.004620117135345936, 0.004006316885352135, 0.003298065159469843, 0.004116680473089218, 0.0034519268665462732, 0.002975326031446457, 0.0032762885093688965, 0.0031752735376358032, 0.003741205669939518, 0.004394701216369867];[0.014673618599772453, 0.013766023330390453, 0.01366185862571001, 0.013841538690030575, 0.01275288313627243, 0.013870706781744957, 0.01404530368745327, 0.013419028371572495, 0.012059133499860764, 0.014392346143722534];[0.7946345066530722, 0.7925787971416545, 0.898854081742403, 0.8418242448855738, 0.8226016644911057, 0.8786350921646936, 0.8855588767631867, 0.8461476059671085, 0.9775390279554058, 0.8955677058801474];[0.6816422091788226, 0.6817029445496922, 0.6777688861064264, 0.6700837672838564, 0.6969208640476834, 0.7276026230812873, 0.6982156668632543, 0.712813420710827, 0.7555757718122882, 0.6677689771220772];0.01;0.0037055901484563947;0.000529261459696147;0.013648244086652994;0.0007240946335231839;0.8633941603644353;0.05311741029692843;0.6970095130756215;0.02652889505602744
'timm-skresnext50_32x4d';['data/images/1.jpg', 'data/images/4.jpg', 'data/images/QS_7415.jpg', 'data/images/QS_7506.jpg', 'data/images/QS_7508.jpg', 'data/images/QS_7510.jpg'];['data/images/2.jpg'];[0.0076766833662986755, 0.006614600773900747, 0.008803965523838997, 0.007576491683721542, 0.007053865119814873, 0.007099166512489319, 0.006781275384128094, 0.0066163609735667706, 0.007686528377234936, 0.005766009911894798];[0.016008321195840836, 0.016896672546863556, 0.0144889485090971, 0.014228521846234798, 0.015516567043960094, 0.018713772296905518, 0.01534024253487587, 0.01354983076453209, 0.01637905091047287, 0.016558777540922165];[1.6520362989491666e-05, 2.849398947435411e-05, 3.17465616955781e-05, 6.561394542281551e-05, 6.344551942616405e-05, 1.3306271939850234e-05, 3.7699469631169436e-05, 7.155985828144473e-05, 5.036817462555909e-05, 6.886296849295537e-05];[5.153634222043735e-06, 4.712349434554675e-06, 4.7494039253637155e-06, 5.321662194468502e-06, 4.772722591694922e-06, 4.3937480626032865e-06, 4.999766988089682e-06, 5.736219383045693e-06, 4.2281829162327256e-06, 5.098777213552452e-06];0.01;0.0071674947626888755;0.0007819418020437724;0.01576807051897049;0.0014205765781874326;4.476171219793823e-05;2.094103778396742e-05;4.916646693164939e-06;4.2069080798801476e-07
'timm-skresnext50_32x4d';['data/images/1.jpg', 'data/images/2.jpg', 'data/images/4.jpg', 'data/images/QS_7415.jpg', 'data/images/QS_7506.jpg', 'data/images/QS_7508.jpg'];['data/images/QS_7510.jpg'];[0.005179153755307198, 0.006541900336742401, 0.005900433287024498, 0.006429989356547594, 0.00562573317438364, 0.006527258083224297, 0.006653276272118092, 0.006466861814260483, 0.006311285775154829, 0.005003912840038538];[0.0008048628224059939, 0.0005653833504766226, 0.000537376559805125, 0.0010376645950600505, 0.00020812441653106362, 0.001549028791487217, 0.0007087229168973863, 0.0010649365140125155, 0.001916529145091772, 0.00036079128040000796];[0.9116851949482381, 0.8963467756301278, 0.8990507305386595, 0.8325565316258347, 0.9415269705706846, 0.9535343205157483, 0.8752310285500878, 0.9050585668237987, 0.9290668945417897, 0.9514605047359936];[0.32328219767144284, 0.19850823516644722, 0.3350717769410074, 0.37879601306734956, 0.8063943971442324, 0.3712968424063944, 0.31428060043704376, 0.5331240777155635, 0.40698405053749886, 0.30590719146534195];0.01;0.006063980469480157;0.000572119651225073;0.0008753420392167754;0.0005052905354327452;0.9095517518480964;0.03536894745859939;0.39736453825523216;0.15844012292036103
'densenet161';['data/images/2.jpg', 'data/images/4.jpg', 'data/images/QS_7415.jpg', 'data/images/QS_7506.jpg', 'data/images/QS_7508.jpg', 'data/images/QS_7510.jpg'];['data/images/1.jpg'];[0.006978785153478384, 0.0052596768364310265, 0.006023179739713669, 0.004758577793836594, 0.005988226272165775, 0.007915286347270012, 0.006089505739510059, 0.006056435406208038, 0.005564229562878609, 0.005950308404862881];[0.026401828974485397, 0.0239523034542799, 0.0226175207644701, 0.022173475474119186, 0.02471098303794861, 0.02456737495958805, 0.024925531819462776, 0.022436751052737236, 0.02205224335193634, 0.024399198591709137];[0.10255421696658362, 0.08101191758882698, 0.004764401461259227, 0.06056876873771222, 0.011271590657997876, 0.01752267614883274, 0.04372750282320892, 0.060737980338870234, 0.11208544192040526, 0.06218097512176779];[0.01595850343697569, 0.014686576487096925, 0.012441175030003082, 0.014826227999959918, 0.013795564851281528, 0.011790815890475814, 0.01225350363031985, 0.015333130601207778, 0.013774481246408787, 0.015612972778493717];0.01;0.006058421125635505;0.0008297985690486254;0.023823721148073674;0.0013707165588762386;0.055642547176546486;0.03503648464894276;0.014047295195222308;0.0014071125557944463
'densenet161';['data/images/1.jpg', 'data/images/4.jpg', 'data/images/QS_7415.jpg', 'data/images/QS_7506.jpg', 'data/images/QS_7508.jpg', 'data/images/QS_7510.jpg'];['data/images/2.jpg'];[0.0041208164766430855, 0.004845562390983105, 0.0050972504541277885, 0.004088692832738161, 0.0043566301465034485, 0.005214185919612646, 0.0033335599582642317, 0.004794990178197622, 0.0039723715744912624, 0.00521042151376605];[0.010018717497587204, 0.010755922645330429, 0.009602188132703304, 0.009923935867846012, 0.009564798325300217, 0.012271208688616753, 0.01017061248421669, 0.010339176282286644, 0.01097555086016655, 0.009229212999343872];[0.8980872330172336, 0.9335533530257067, 0.9250832266886772, 0.9958814055694876, 0.9754423453072782, 0.9502395583841572, 0.8865961147849555, 0.9148332280520998, 0.9820526130478189, 0.8686791369368729];[0.8277331767723866, 0.824214177106739, 0.9010924364443357, 0.8108494538047972, 0.8144883320310035, 0.9537968291807647, 0.8364580757841568, 0.8585827901244181, 0.9823807088335086, 0.8899334688015625];0.01;0.00450344814453274;0.0005958409859791126;0.010285132378339768;0.0008342994275991714;0.9330448214814288;0.04044894728036186;0.8699529448883672;0.057213603819762544
'densenet161';['data/images/1.jpg', 'data/images/2.jpg', 'data/images/4.jpg', 'data/images/QS_7415.jpg', 'data/images/QS_7506.jpg', 'data/images/QS_7508.jpg'];['data/images/QS_7510.jpg'];[0.006609295029193163, 0.005234412848949432, 0.006738281808793545, 0.00497877411544323, 0.008210219442844391, 0.006735209375619888, 0.0062717655673623085, 0.0064398134127259254, 0.006286693271249533, 0.005972635000944138];[0.0007554767653346062, 0.001347192795947194, 0.0004203865537419915, 0.00026527882437221706, 0.00022714652004651725, 0.0008277356391772628, 0.0003412094956729561, 0.0006004268070682883, 0.0007548184948973358, 0.0007187237497419119];[0.8660552482991543, 0.86907788901981, 0.8716415866344721, 0.9850952265070428, 0.828413093867413, 0.9112433511415534, 0.8429126656905414, 0.9101408070265535, 0.9285957386959363, 0.9183519424622973];[0.7077232493394515, 0.7676360539505227, 0.8121751766075203, 0.9846861634074178, 0.3365833507395295, 0.8454890625732859, 0.36454350254606827, 0.9911157683403404, 0.8634312924634697, 0.6775699517322907];0.01;0.0063477099873125555;0.0008433351143089975;0.0006258395646000281;0.00031874951994497266;0.8931527549344775;0.044104852899050265;0.7350953571699896;0.21533183700470515
'xception';['data/images/2.jpg', 'data/images/4.jpg', 'data/images/QS_7415.jpg', 'data/images/QS_7506.jpg', 'data/images/QS_7508.jpg', 'data/images/QS_7510.jpg'];['data/images/1.jpg'];[0.007040876429527998, 0.006920130457729101, 0.00468406081199646, 0.005866655148565769, 0.005275765433907509, 0.005539456382393837, 0.005838137120008469, 0.0074152871966362, 0.00635948870331049, 0.007423250935971737];[0.025398295372724533, 0.02310345321893692, 0.022900141775608063, 0.020232349634170532, 0.023482149466872215, 0.027489006519317627, 0.022082136943936348, 0.020395519211888313, 0.020583275705575943, 0.025499161332845688];[5.056983089390954e-06, 0.00023193971214541254, 4.00420098883858e-05, 3.8377093777630655e-05, 5.619599570527711e-05, 0.00020767500460061594, 0.00028955168113886653, 0.00032314286055723507, 0.0003250251276959437, 0.0004926570427220556];[1.5537727726222528e-05, 1.5464788848396083e-05, 4.8809900948243445e-05, 5.641879611872902e-05, 2.842608484510123e-05, 2.05571436379115e-05, 1.711927311365269e-05, 4.368445817160005e-05, 4.098219923520663e-05, 1.5520611368891046e-05];0.1;0.006236310862004757;0.0008967631397183751;0.023116548918187617;0.0023106784947185786;0.00020096635113208138;0.00015359807986540302;3.025209840139542e-05;1.4988805721209682e-05
'xception';['data/images/1.jpg', 'data/images/4.jpg', 'data/images/QS_7415.jpg', 'data/images/QS_7506.jpg', 'data/images/QS_7508.jpg', 'data/images/QS_7510.jpg'];['data/images/2.jpg'];[0.003934729378670454, 0.003868900705128908, 0.0035186163149774075, 0.0057143354788422585, 0.004907376132905483, 0.0032680174335837364, 0.0038932422176003456, 0.005013025365769863, 0.005777565762400627, 0.0042219823226332664];[0.008731190115213394, 0.00985250435769558, 0.009406136348843575, 0.008013646118342876, 0.009437484666705132, 0.010938162915408611, 0.009846359491348267, 0.008623655885457993, 0.008410775102674961, 0.008681945502758026];[0.870637622091681, 0.9076773567656705, 0.9680413233058367, 0.8690079442489818, 0.9864641018457557, 0.9328865556694846, 0.9787160010051981, 0.8150367294618838, 0.8887140243786751, 0.8634012764557844];[0.7554027191699686, 0.8860763416841322, 0.8086987012849194, 0.7782774808131945, 0.8280277180937081, 0.8410384942785398, 0.7442653293011399, 0.7901680047245233, 0.7266551606140295, 0.7824601410467609];0.1;0.004411779111251235;0.0008427494901712849;0.009194186050444841;0.0008254667267760645;0.9080582935228951;0.05413061214560618;0.7941070091010916;0.0457800837062649
'xception';['data/images/1.jpg', 'data/images/2.jpg', 'data/images/4.jpg', 'data/images/QS_7415.jpg', 'data/images/QS_7506.jpg', 'data/images/QS_7508.jpg'];['data/images/QS_7510.jpg'];[0.005880351644009352, 0.008038690313696861, 0.005469640251249075, 0.005484931170940399, 0.0045207589864730835, 0.005532930605113506, 0.005419113673269749, 0.005583683028817177, 0.00583341158926487, 0.0045222267508506775];[0.0005012322799302638, 0.0003387808392290026, 0.000644239888060838, 0.00133246008772403, 0.0009943477343767881, 0.0008076871163211763, 0.0013131450396031141, 0.001217390294186771, 7.863759674364701e-05, 0.0004965054104104638];[0.9794124685425195, 0.8133732090258067, 0.9590826988023573, 0.8871932628822924, 0.9405058299794307, 0.8701148166502487, 0.9626839915003595, 0.8750126746716003, 0.9106824338961998, 0.8730632083094956];[0.5683854481306465, 0.6419025174909336, 0.5502177679411266, 0.4025931065181897, 0.6803920693136487, 0.4442249479760102, 0.5536178010225916, 0.6430371534915108, 0.4224858750780004, 0.5865732087229546];0.1;0.005628573801368475;0.0009201195080546534;0.0007724426286586095;0.0004110962710683605;0.9071124594260311;0.049886520124363794;0.5493429895685613;0.09217674647189011
'timm-efficientnet-b5';['data/images/2.jpg', 'data/images/4.jpg', 'data/images/QS_7415.jpg', 'data/images/QS_7506.jpg', 'data/images/QS_7508.jpg', 'data/images/QS_7510.jpg'];['data/images/1.jpg'];[0.0047070602886378765, 0.0036068083718419075, 0.0036580110900104046, 0.00437253899872303, 0.003803226863965392, 0.003467707661911845, 0.0044000656343996525, 0.0042976923286914825, 0.0032225465402007103, 0.003647583071142435];[0.01428475696593523, 0.015012770891189575, 0.013368664309382439, 0.014171019196510315, 0.01473762933164835, 0.013011554256081581, 0.016879716888070107, 0.015626544132828712, 0.013539426028728485, 0.015596572309732437];[0.7208762120029373, 0.8559176302359497, 0.8182379163900267, 0.7134302682502065, 0.8092870006387691, 0.8521656605349627, 0.7646237357568311, 0.7896563387817865, 0.8265970301694088, 0.7537682174441938];[0.6674469698620287, 0.6489593891129779, 0.6546918575926036, 0.6542780242078765, 0.690350813159454, 0.654735049274149, 0.5960573560227804, 0.6694712483881592, 0.6631094621548008, 0.6542445172909872];0.1;0.003918324084952474;0.0004629174533218744;0.014622865431010722;0.001134712253846838;0.7904560010205073;0.04828475094035038;0.6553344687065817;0.02278299843235754
'timm-efficientnet-b5';['data/images/1.jpg', 'data/images/4.jpg', 'data/images/QS_7415.jpg', 'data/images/QS_7506.jpg', 'data/images/QS_7508.jpg', 'data/images/QS_7510.jpg'];['data/images/2.jpg'];[0.004295067861676216, 0.003938010893762112, 0.00471603125333786, 0.0037967287935316563, 0.004568553064018488, 0.0029180971905589104, 0.004506915807723999, 0.005119611043483019, 0.003467378206551075, 0.00469727348536253];[0.009222529828548431, 0.008012508042156696, 0.008401712402701378, 0.008180057629942894, 0.008568213321268559, 0.008791700005531311, 0.008106167428195477, 0.006679718382656574, 0.006591908633708954, 0.008078116923570633];[0.9490123900984763, 0.9568702904662286, 0.9744029330582931, 0.9141575814913258, 0.9851793437047249, 0.9467560602557541, 0.9115615389876932, 0.8893643759528191, 0.9238351989848578, 0.9736156297839601];[0.9472147989348898, 0.9551456880334962, 0.9530910510866591, 0.9400438807071282, 0.9447226804251269, 0.9962831868612526, 0.9351750755719659, 0.9258452447643976, 0.8768880139035019, 0.8098324320364234];0.1;0.004202366760000587;0.0006332092596154908;0.00806326325982809;0.0007963291238963142;0.9424755342784135;0.03001129931584652;0.928424205232484;0.04842859573900723
'timm-efficientnet-b5';['data/images/1.jpg', 'data/images/2.jpg', 'data/images/4.jpg', 'data/images/QS_7415.jpg', 'data/images/QS_7506.jpg', 'data/images/QS_7508.jpg'];['data/images/QS_7510.jpg'];[0.010592376813292503, 0.010710188187658787, 0.011012135073542595, 0.012244615703821182, 0.00946691446006298, 0.011722996830940247, 0.010465329512953758, 0.009616467170417309, 0.010442247614264488, 0.009130839258432388];[0.0010994778713211417, 0.0015719217481091619, 0.0009581699850969017, 0.0014967923052608967, 0.0008667435613460839, 0.0009672999731265008, 0.0007429908728227019, 0.0003178787010256201, 0.0010969274444505572, 0.0010816211579367518];[3.412951455483704e-05, 1.6316346166722617e-05, 4.1595609857170146e-05, 2.7831470017725124e-05, 2.2631013056328975e-05, 2.3916513419375285e-05, 2.7796216855002776e-05, 1.8222208845397603e-05, 2.6448540151879918e-05, 9.338309874296069e-05];[0.0004674747431356874, 0.00032096974964368474, 0.000537539957997879, 0.0003385085764326945, 0.0005871237646462024, 0.0005184556477560998, 0.000684645327276745, 0.001370732566115307, 0.00046127419662589375, 0.000453292119213633];0.1;0.010540411062538623;0.000925478473921987;0.0010199823620496318;0.00033878848869214336;3.322705316674002e-05;2.1223173930914742e-05;0.0005740016648843827;0.0002845553656155579
'timm-mobilenetv3_large_100';['data/images/2.jpg', 'data/images/4.jpg', 'data/images/QS_7415.jpg', 'data/images/QS_7506.jpg', 'data/images/QS_7508.jpg', 'data/images/QS_7510.jpg'];['data/images/1.jpg'];[0.0056658536195755005, 0.006958237383514643, 0.005472985096275806, 0.003969847224652767, 0.005120306741446257, 0.006479594856500626, 0.005080469883978367, 0.006272678263485432, 0.008599220775067806, 0.006103447638452053];[0.02355736866593361, 0.022971825674176216, 0.026466894894838333, 0.02528196945786476, 0.02366487681865692, 0.02475564554333687, 0.021716296672821045, 0.026412833482027054, 0.023727044463157654, 0.02257421612739563];[5.475855793335427e-05, 8.536291210636815e-05, 8.526454671309303e-06, 8.70753457707929e-05, 9.134642200347987e-05, 1.1440218582237094e-05, 0.00010519201283543111, 3.260060763932149e-05, 1.2475173503001535e-05, 6.303664317297564e-05];[1.4441883210869477e-05, 1.4264718082968031e-05, 1.2117092151764375e-05, 1.3615079886841741e-05, 1.3011668400508825e-05, 1.2774867414133695e-05, 1.436548299704743e-05, 1.260616818543614e-05, 1.4453321250829099e-05, 1.3844024721931802e-05];0.2;0.0059722641482949255;0.0011879333099393905;0.02411289718002081;0.0015060664570848321;5.518143482182714e-05;3.4960964151387835e-05;1.3549430630233062e-05;8.193068362942552e-07
'timm-mobilenetv3_large_100';['data/images/1.jpg', 'data/images/4.jpg', 'data/images/QS_7415.jpg', 'data/images/QS_7506.jpg', 'data/images/QS_7508.jpg', 'data/images/QS_7510.jpg'];['data/images/2.jpg'];[0.004042155109345913, 0.0042564040049910545, 0.00453665666282177, 0.005454154685139656, 0.004314950667321682, 0.0062736705876886845, 0.004782452248036861, 0.004726673476397991, 0.0044044144451618195, 0.004678317345678806];[0.008625801652669907, 0.009101534262299538, 0.008550319820642471, 0.009884832426905632, 0.009185828268527985, 0.01197084691375494, 0.009562013670802116, 0.008358754217624664, 0.009389868937432766, 0.008925577625632286];[0.9713946806439572, 0.9674154519412468, 0.8653684853886414, 0.8943012949965183, 0.9314059091704789, 0.8816378599094837, 0.9148920666223345, 0.944459396187504, 0.8681188537676316, 0.9500233188536081];[0.9847698834411829, 0.911476223971467, 0.9544324745185518, 0.8174677577184487, 0.9726617778926739, 0.9435671539843447, 0.9740807014974326, 0.8570099223485714, 0.9254182446149986, 0.9126249028489695];0.2;0.004746984923258424;0.0006263341539593415;0.00935553777962923;0.0009806354418260973;0.9189017317481405;0.03787051199586697;0.9253509042836642;0.050975309698338044
'timm-mobilenetv3_large_100';['data/images/1.jpg', 'data/images/2.jpg', 'data/images/4.jpg', 'data/images/QS_7415.jpg', 'data/images/QS_7506.jpg', 'data/images/QS_7508.jpg'];['data/images/QS_7510.jpg'];[0.006842580158263445, 0.0066058458760380745, 0.006797750014811754, 0.006092165596783161, 0.007732328958809376, 0.006055952049791813, 0.006823770701885223, 0.0064049577340483665, 0.0050866869278252125, 0.00688321003690362];[0.0005888583837077022, 0.0008613304235041142, 0.001031618332490325, 9.337137453258038e-05, 0.0007927983533591032, 0.0005312550347298384, 0.000990773318335414, 0.0011500954860821366, 0.0007650793413631618, 0.0005582052981480956];[0.8836886901750329, 0.9284247792768947, 0.9468727888345055, 0.9809416526494318, 0.7957423221529334, 0.9154733222699936, 0.8551749218143623, 0.9671746256423774, 0.9728101220746197, 0.9910639995012599];[0.6941253070611465, 0.8523759789730776, 0.9413057193328745, 0.72329275574533, 0.7251250959722337, 0.963508282619713, 0.9341605914134439, 0.895061674981721, 0.8548782543006785, 0.9770371165580107];0.2;0.006532524805516004;0.0006593138382609412;0.0007363385346252471;0.0002918401285286447;0.9237367224391411;0.059508896300238825;0.856087077695823;0.10103324110531832
'dpn68b';['data/images/2.jpg', 'data/images/4.jpg', 'data/images/QS_7415.jpg', 'data/images/QS_7506.jpg', 'data/images/QS_7508.jpg', 'data/images/QS_7510.jpg'];['data/images/1.jpg'];[0.0060297525487840176, 0.0042662955820560455, 0.0059274667873978615, 0.008450344204902649, 0.006024188362061977, 0.005068251863121986, 0.006355479825288057, 0.006642044521868229, 0.0041308109648525715, 0.007704833522439003];[0.02316383644938469, 0.020008306950330734, 0.025295138359069824, 0.024318914860486984, 0.02005518600344658, 0.02250613644719124, 0.02359994500875473, 0.024942688643932343, 0.020324645563960075, 0.02289513126015663];[3.048335026956117e-06, 1.0001509061940972e-05, 6.111116208407097e-06, 2.9801894340097945e-06, 3.514105314850191e-06, 3.414713392491109e-06, 3.961467152979736e-06, 2.000080728037368e-06, 7.218642688266996e-06, 3.867606060969919e-06];[4.33871624627713e-07, 4.733510765575488e-07, 4.1353508417607543e-07, 4.3369328783793293e-07, 4.992003465043027e-07, 4.522362277992187e-07, 4.370893339489257e-07, 4.149560106636585e-07, 4.861886979679042e-07, 4.356648899417337e-07];0.01;0.0060599468182772395;0.0012956766391427354;0.022710992954671383;0.0018806205926367974;4.61177650689093e-06;2.315921034405655e-06;4.4797865800250136e-07;2.774111843422327e-08
'dpn68b';['data/images/1.jpg', 'data/images/4.jpg', 'data/images/QS_7415.jpg', 'data/images/QS_7506.jpg', 'data/images/QS_7508.jpg', 'data/images/QS_7510.jpg'];['data/images/2.jpg'];[0.004647791385650635, 0.005522558465600014, 0.005021707154810429, 0.005165738053619862, 0.0047973161563277245, 0.004699690733104944, 0.004522315692156553, 0.0034491615369915962, 0.004390592686831951, 0.004350337199866772];[0.010801548138260841, 0.010345708578824997, 0.009711066260933876, 0.00834478810429573, 0.008017373271286488, 0.01098428014665842, 0.010248024947941303, 0.010114911943674088, 0.01054642628878355, 0.008675129152834415];[0.8725709373929427, 0.8250607124610846, 0.8595891196052203, 0.8859931208125106, 0.906985913093647, 0.8879468672006141, 0.8539232663693835, 0.9445087899936889, 0.9442019634312234, 0.8229658754737421];[0.9220182848402698, 0.8822078735668295, 0.8733084382405107, 0.8346341538396269, 0.9418424688782694, 0.9327095463583583, 0.8632543519764138, 0.8885416060928473, 0.9648523630959265, 0.8945100935874407];0.01;0.004656720906496048;0.0005295886007464149;0.009778925683349371;0.0010062140012297221;0.8803746565834057;0.04065979567399047;0.8997879180476493;0.037847404524149454
'dpn68b';['data/images/1.jpg', 'data/images/2.jpg', 'data/images/4.jpg', 'data/images/QS_7415.jpg', 'data/images/QS_7506.jpg', 'data/images/QS_7508.jpg'];['data/images/QS_7510.jpg'];[0.005890490487217903, 0.006927597336471081, 0.005851783789694309, 0.0065586017444729805, 0.006199562922120094, 0.006553486920893192, 0.006052656564861536, 0.006131486035883427, 0.006409402936697006, 0.006506448611617088];[0.0009041964076459408, 0.0006349656032398343, 0.0004090725560672581, 0.0005312815774232149, 0.0001015805610222742, 0.00038095287163741887, 0.0007077688933350146, 0.001236729440279305, 0.0004965933621861041, 0.0010002308990806341];[0.9393231505817646, 0.8080163895362211, 0.9530471232100592, 0.9233915152990669, 0.9351619368799906, 0.9194088391490728, 0.9283454792144842, 0.9986640640311224, 0.9141707755258537, 0.9762571925005912];[0.4593288287188414, 0.9716439048781801, 0.8899238277525608, 0.5322767221058613, 0.996918982102889, 0.584320972763246, 0.8989628992750597, 0.653874706593599, 0.9727526618025616, 0.7203688945623186];0.01;0.006308151734992861;0.00032360370391542893;0.0006403372171916999;0.00031669898149216247;0.9295786465928227;0.047735301972676975;0.7680372400555118;0.19175237295445158
'vgg19_bn';['data/images/2.jpg', 'data/images/4.jpg', 'data/images/QS_7415.jpg', 'data/images/QS_7506.jpg', 'data/images/QS_7508.jpg', 'data/images/QS_7510.jpg'];['data/images/1.jpg'];[0.00593934953212738, 0.006756842602044344, 0.0051353261806070805, 0.006164713762700558, 0.006122127175331116, 0.006564767565578222, 0.005622713826596737, 0.006088819820433855, 0.006564907729625702, 0.006503647658973932];[0.021345213055610657, 0.02699357271194458, 0.01959500089287758, 0.02482760138809681, 0.02323482371866703, 0.025133825838565826, 0.023367080837488174, 0.02403290569782257, 0.02263261377811432, 0.022887125611305237];[0.0003671580686213094, 0.0005273558175589166, 0.0014283225592206517, 0.0002405016558664208, 0.0076434872556048195, 0.0005298325815992211, 0.0004274605664523756, 0.0011281912792084903, 0.0022237822124852036, 0.003893056575576037];[0.00033007374892723984, 0.00030876238114030397, 0.00035300821743766697, 0.0003645568077887962, 0.00043739449726731827, 0.0003033879498148817, 0.00035595591640413815, 0.00029991322801536935, 0.00032790137269322894, 0.0003383434742180169];0.1;0.0061463215854018925;0.0004684093884788367;0.023404976353049278;0.0019477869698346507;0.0018409148572193445;0.0022109146385304785;0.00034192975937069603;3.8270251950184685e-05
'vgg19_bn';['data/images/1.jpg', 'data/images/4.jpg', 'data/images/QS_7415.jpg', 'data/images/QS_7506.jpg', 'data/images/QS_7508.jpg', 'data/images/QS_7510.jpg'];['data/images/2.jpg'];[0.004453030414879322, 0.003898090682923794, 0.0053650145418941975, 0.005786404013633728, 0.004162436351180077, 0.004746695980429649, 0.005096904933452606, 0.004298464395105839, 0.005058684851974249, 0.0051269689574837685];[0.010555891320109367, 0.009002492763102055, 0.010866066440939903, 0.009207175113260746, 0.011520178988575935, 0.010483354330062866, 0.008402710780501366, 0.009306475520133972, 0.010701466351747513, 0.009971778839826584];[0.7969691910606257, 0.8365896748356251, 0.7050401141856768, 0.7541198298570526, 0.8248803463592586, 0.7541899568826869, 0.7531298314562573, 0.8398511032655505, 0.8197436426499338, 0.771886619243049];[0.9479015839695047, 0.9609965181700303, 0.8850353882855473, 0.8932560885514528, 0.9430338328218818, 0.9124062264574955, 0.9885608988303947, 0.9311175626449655, 0.9139323418160271, 0.9625152704476356];0.1;0.004799269512295723;0.0005611508765788753;0.01000175904482603;0.0009355417352164951;0.7856400309795717;0.042533470761017135;0.9338755711994935;0.03119045302109558
'vgg19_bn';['data/images/1.jpg', 'data/images/2.jpg', 'data/images/4.jpg', 'data/images/QS_7415.jpg', 'data/images/QS_7506.jpg', 'data/images/QS_7508.jpg'];['data/images/QS_7510.jpg'];[0.00625243503600359, 0.006319776643067598, 0.00627153180539608, 0.006401665508747101, 0.008199934847652912, 0.005717615596950054, 0.00629191379994154, 0.006480911746621132, 0.005705861374735832, 0.007162721827626228];[0.000527960539329797, 0.0006417729309760034, 0.0009663773234933615, 0.0010844760108739138, 0.00048101163702085614, 0.00021896926045883447, 0.0010821206960827112, 0.0007678839610889554, 0.00020633780513890088, 0.0007966067059896886];[0.9880086298545439, 0.9049659412079598, 0.9440431287518593, 0.97661305488131, 0.9595843884646379, 0.8923867944717225, 0.9501090685269883, 0.8739623156556754, 0.9624881382370166, 0.9671835834122061];[0.2116152472610997, 0.10789551560854427, 0.15430046986424295, 0.11988127860870001, 0.24109377694635958, 0.3947864994318492, 0.1312859606090172, 0.06142155401666061, 0.5390564939289357, 0.22155513613266842];0.1;0.0064804368186742066;0.0006904515567860859;0.0006773516870453022;0.00030490053140914817;0.941934504346392;0.036345634708847684;0.21828919324080776;0.13883827801663925
'mit_b2';['data/images/2.jpg', 'data/images/4.jpg', 'data/images/QS_7415.jpg', 'data/images/QS_7506.jpg', 'data/images/QS_7508.jpg', 'data/images/QS_7510.jpg'];['data/images/1.jpg'];[0.006640822626650333, 0.004963989369571209, 0.005388857796788216, 0.004291405901312828, 0.00502074183896184, 0.005413518287241459, 0.0050007933750748634, 0.004675176925957203, 0.00403441721573472, 0.004981429781764746];[0.017631201073527336, 0.0166605357080698, 0.018901828676462173, 0.012892479076981544, 0.01472599059343338, 0.017099732533097267, 0.01787310652434826, 0.016519742086529732, 0.017103232443332672, 0.01592174917459488];[0.7528421463940462, 0.6751519412380651, 0.9960052291108386, 0.9795409181636741, 0.8415650273776585, 0.4915644950242891, 0.7235396370986193, 0.7604647671895319, 0.9464632108801923, 0.9933070687160973];[0.5619239663967484, 0.5552656874698012, 0.557929602066479, 0.7380573811324813, 0.578224105372281, 0.5589334679095026, 0.5641429483858981, 0.5910850872962199, 0.5980176383360711, 0.6129654457119877];0.01;0.005041115311905741;0.0006737685191988293;0.016532959789037703;0.0016176642255818715;0.8160444441193011;0.15779039232858236;0.5916545330077468;0.052232288606558784
'mit_b2';['data/images/1.jpg', 'data/images/4.jpg', 'data/images/QS_7415.jpg', 'data/images/QS_7506.jpg', 'data/images/QS_7508.jpg', 'data/images/QS_7510.jpg'];['data/images/2.jpg'];[0.008493630215525627, 0.007690215017646551, 0.008023029193282127, 0.006616986356675625, 0.007941367104649544, 0.006468682549893856, 0.008243324235081673, 0.009049803018569946, 0.00712059810757637, 0.008370937779545784];[0.018280919641256332, 0.017184989526867867, 0.01576942205429077, 0.015316956676542759, 0.017968760803341866, 0.014992975629866123, 0.01728055439889431, 0.01730716973543167, 0.015208287164568901, 0.017382267862558365];[0.0003929886433748919, 0.0006578590749886093, 0.000165930988139662, 0.0004905679884521508, 0.000956696077758612, 0.0008388765667087794, 0.0002937224054068155, 0.0006148580877463061, 0.0007216368966521669, 0.00042061726851405634];[8.906017548981904e-05, 8.230730595226721e-05, 9.646831793097554e-05, 0.00010156543894224157, 9.837382951394247e-05, 8.655066295859548e-05, 7.059944085097136e-05, 8.722646842207471e-05, 9.941125677837004e-05, 8.558003949932225e-05];0.01;0.00780185735784471;0.0007925210454757293;0.016669230349361897;0.0011586163938325281;0.000555375399774205;0.0002349411904713066;8.971429363385797e-05;8.994687152796207e-06
'mit_b2';['data/images/1.jpg', 'data/images/2.jpg', 'data/images/4.jpg', 'data/images/QS_7415.jpg', 'data/images/QS_7506.jpg', 'data/images/QS_7508.jpg'];['data/images/QS_7510.jpg'];[0.01070561446249485, 0.012820220552384853, 0.010663285851478577, 0.009004672057926655, 0.011794913560152054, 0.011984478682279587, 0.009456822648644447, 0.009115905500948429, 0.009645840153098106, 0.010450683534145355];[0.0009790514595806599, 0.0006523695192299783, 0.0005526883760467172, 0.0004192354390397668, 0.00028428557561710477, 0.0009692177409306169, 0.00117838429287076, 0.0003402606234885752, 0.0011679063318297267, 0.0009478096617385745];[4.207847150183852e-05, 2.069180177188823e-05, 2.773323881199996e-05, 4.309649134293103e-05, 3.202384062328534e-05, 2.975387834824872e-05, 1.0613777984169737e-05, 3.957801088738666e-05, 2.619465134623411e-05, 1.9559695606075067e-05];[0.0009076106508638659, 0.0012954480278675184, 0.0016198807559096862, 0.0019380848945433904, 0.0031874027081433276, 0.0008134648577242665, 0.000767245386865234, 0.0023998984870819973, 0.0006612686909825971, 0.0008968680428775855];0.01;0.010564243700355292;0.0012354566736692619;0.000749120902037248;0.00032255941964749784;2.9132385822405737e-05;9.984296739371381e-06;0.0014487172502859469;0.0007940655258941515
'mobileone_s4';['data/images/2.jpg', 'data/images/4.jpg', 'data/images/QS_7415.jpg', 'data/images/QS_7506.jpg', 'data/images/QS_7508.jpg', 'data/images/QS_7510.jpg'];['data/images/1.jpg'];[0.003316089976578951, 0.0036702556535601616, 0.0032893873285502195, 0.00303129805251956, 0.005109034478664398, 0.0026291226968169212, 0.0030470017809420824, 0.003123357193544507, 0.003904291894286871, 0.0036248196847736835];[0.012461593374609947, 0.012248137965798378, 0.01318391039967537, 0.013979668729007244, 0.012739500030875206, 0.012981208972632885, 0.013194052502512932, 0.013192275539040565, 0.013949526473879814, 0.013248431496322155];[0.8784510997293989, 0.9561076398284146, 0.9169062543003833, 0.9311032802972162, 0.8388315860150379, 0.9578181407141846, 0.8613899622675047, 0.9482842172814241, 0.9247063658246365, 0.9464684718894772];[0.7559834281741296, 0.7913578911353744, 0.7728315544407782, 0.7774392099190449, 0.7580443580277544, 0.7563097139546455, 0.7494156482238397, 0.7509398715044102, 0.7440027057336671, 0.7384210711471647];0.01;0.0034744658740237357;0.0006475992195551975;0.01311783054843545;0.0005306665630343634;0.9160067018147678;0.03997480345055402;0.7594745452260809;0.015487365051036988
'mobileone_s4';['data/images/1.jpg', 'data/images/4.jpg', 'data/images/QS_7415.jpg', 'data/images/QS_7506.jpg', 'data/images/QS_7508.jpg', 'data/images/QS_7510.jpg'];['data/images/2.jpg'];[0.004812397062778473, 0.004431411623954773, 0.0044572241604328156, 0.004144307225942612, 0.00469735823571682, 0.005534275434911251, 0.004656082950532436, 0.004333828575909138, 0.00498666986823082, 0.004969815723598003];[0.010145600885152817, 0.009204844012856483, 0.00885787419974804, 0.008945625275373459, 0.01078292727470398, 0.00926818698644638, 0.009876001626253128, 0.00947619043290615, 0.009171731770038605, 0.009539373219013214];[0.9525642214680579, 0.8646987975768776, 0.8734737562699889, 0.8565669502442337, 0.8182732235191794, 0.8206929713240204, 0.9622592629816151, 0.8070260616361343, 0.957611834636996, 0.8628276689854182];[0.860974334953464, 0.880197114789038, 0.9047059497497368, 0.7960017610744194, 0.8696425598566981, 0.8167005046073768, 0.8529489535908233, 0.8448629238850767, 0.8547790774520202, 0.8133036565705849];0.01;0.004702337086200714;0.00037940289936789264;0.009526835568249226;0.00056278477468016;0.8775994748642522;0.05636626113337488;0.8494116836529239;0.03136339424376169
'mobileone_s4';['data/images/1.jpg', 'data/images/2.jpg', 'data/images/4.jpg', 'data/images/QS_7415.jpg', 'data/images/QS_7506.jpg', 'data/images/QS_7508.jpg'];['data/images/QS_7510.jpg'];[0.006456587463617325, 0.0048075090162456036, 0.00756845623254776, 0.00690353661775589, 0.006606309209018946, 0.007465357892215252, 0.006418820004910231, 0.0067485845647752285, 0.006012988276779652, 0.006484908051788807];[0.000700835429597646, 0.0009299833327531815, 0.001061525079421699, 0.001113247242756188, 0.0008456286741420627, 0.0009261850500479341, 0.00043158140033483505, 0.000974766444414854, 0.00036425929283723235, 0.0015669185668230057];[0.9256421316235647, 0.9974058949812917, 0.7323741397934731, 0.9357136669329268, 0.9439843225717923, 0.7655473560314494, 0.8599135457508634, 0.8847234034365867, 0.9378322755645708, 0.9127453071464865];[0.8593213566145017, 0.5017962694664555, 0.7247196645874513, 0.735101802412216, 0.7040139145630969, 0.43269779573165046, 0.6374314024034612, 0.5530792378520121, 0.44453838071889196, 0.6439430810670188];0.01;0.006547305732965469;0.0007346756255870852;0.0008914930513128638;0.0003273916562988403;0.8895882043833006;0.07866474666275622;0.6236642905416756;0.1317611259795204
